Workbook

Sheet Onam Summary
A1: ONAM 2026 – PLANNING SUMMARY
A2: Note | B2: All figures are simulated planning data for a portfolio/learning project, not actual event results.
A3: Onam Date | B3: 46260
A4: Total Activities | B4: =COUNTA(Activities!B2:B13)
A5: Expected Participants | B5: =SUM(Activities!F2:F13)
A6: Estimated Budget | B6: =SUM(Activities!G2:G13)
A7: Budget Spent | B7: =SUM(Activities!I2:I13)
A8: Remaining Budget | B8: =B6-B7
A9: Budget Utilization % | B9: =IFERROR(B7/B6,0)
A10: Completed Activities | B10: =COUNTIF(Activities!H2:H13,"Completed")
A11: In Progress Activities | B11: =COUNTIF(Activities!H2:H13,"In Progress")
A12: Not Started Activities | B12: =COUNTIF(Activities!H2:H13,"Not Started")
A13: Average Preparation Progress % | B13: =AVERAGE(Activities!P2:P13)/100

Sheet Read Me
A1: ONAM 2026 – POWER BI DATASET
A2: Purpose | B2: Sample planning data for an Onam 2026 Preparation & Celebration Dashboard.
A3: Important | B3: This is simulated/sample data created for a learning portfolio. It does not represent actual event statistics.
A4: Suggested Power BI relationships
A5: Activities[Date] | B5: → Calendar[Date]
A6: Activities[ActivityID] | B6: → Participants[EventPreference] cannot be directly related; use Activity as a common dimension or create an Event dimension.
A7: Recommended KPIs | B7: Total Activities, Expected Participants, Estimated Budget, Completed Activities, Locations
A8: Recommended visuals | B8: Timeline, Budget by Category, Preparation Status, Estimated Cost by Activity, Expected Participants by Activity, Events by Location
A9: Onam date used | B9: 26-Aug-2026 (Thiruvonam)

Sheet Activities
A1: ActivityID | B1: Activity | C1: Category | D1: Date | E1: Location | F1: ExpectedParticipants | G1: EstimatedCost | H1: PreparationStatus | I1: ActualCost | J1: BudgetStatus | K1: BudgetVariance | L1: BudgetUtilizationPct | M1: DaysBeforeOnam | N1: Priority | O1: ResponsibleTeam | P1: PreparationProgressPct
A2: 1 | B2: Pookalam | C2: Cultural | D2: 46251 | E2: Main Hall | F2: 80 | G2: 5000 | H2: Completed | I2: 4500 | J2: Near Budget | K2: 500 | L2: 0.9 | M2: 9 | N2: High | O2: Cultural Committee | P2: 100
A3: 2 | B3: Onam Games | C3: Games & Sports | D3: 46252 | E3: Ground | F3: 100 | G3: 8000 | H3: Completed | I3: 7500 | J3: Near Budget | K3: 500 | L3: 0.9375 | M3: 8 | N3: Medium | O3: Games Committee | P3: 100
A4: 3 | B4: Thiruvathira | C4: Cultural | D4: 46254 | E4: Auditorium | F4: 60 | G4: 10000 | H4: In Progress | I4: 6000 | J4: Within Budget | K4: 4000 | L4: 0.6 | M4: 6 | N4: Medium | O4: Cultural Committee | P4: 50
A5: 4 | B5: Sadya | C5: Food & Sadya | D5: 46256 | E5: Dining Hall | F5: 150 | G5: 25000 | H5: In Progress | I5: 12000 | J5: Within Budget | K5: 13000 | L5: 0.48 | M5: 4 | N5: High | O5: Food Committee | P5: 50
A6: 5 | B6: Cultural Program | C6: Cultural | D6: 46258 | E6: Auditorium | F6: 120 | G6: 15000 | H6: In Progress | I6: 3000 | J6: Within Budget | K6: 12000 | L6: 0.2 | M6: 2 | N6: High | O6: Cultural Committee | P6: 50
A7: 6 | B7: Thiruvonam Celebration | C7: Cultural | D7: 46260 | E7: Main Hall | F7: 250 | G7: 35000 | H7: Not Started | I7: 0 | J7: Not Spent | K7: 35000 | L7: 0 | M7: 0 | N7: High | O7: Cultural Committee | P7: 0
A8: 7 | B8: Music Program | C8: Entertainment | D8: 46255 | E8: Open Stage | F8: 100 | G8: 7000 | H8: Not Started | I8: 1500 | J8: Within Budget | K8: 5500 | L8: 0.21428571 | M8: 5 | N8: Medium | O8: Entertainment Team | P8: 0
A9: 8 | B9: Flower Arrangement | C9: Decoration | D9: 46253 | E9: Main Hall | F9: 50 | G9: 5000 | H9: Completed | I9: 4800 | J9: Near Budget | K9: 200 | L9: 0.96 | M9: 7 | N9: Medium | O9: Decoration Team | P9: 100
A10: 9 | B10: Traditional Dress Contest | C10: Games & Sports | D10: 46257 | E10: Auditorium | F10: 50 | G10: 3000 | H10: In Progress | I10: 2500 | J10: Near Budget | K10: 500 | L10: 0.83333333 | M10: 3 | N10: Low | O10: Games Committee | P10: 50
A11: 10 | B11: Quiz Competition | C11: Games & Sports | D11: 46257 | E11: Classroom Block | F11: 30 | G11: 2000 | H11: Not Started | I11: 0 | J11: Not Spent | K11: 2000 | L11: 0 | M11: 3 | N11: Low | O11: Games Committee | P11: 0
A12: 11 | B12: Best Pookalam Contest | C12: Cultural | D12: 46259 | E12: Open Stage | F12: 40 | G12: 3000 | H12: In Progress | I12: 1000 | J12: Within Budget | K12: 2000 | L12: 0.33333333 | M12: 1 | N12: Medium | O12: Cultural Committee | P12: 50
A13: 12 | B13: Prize Distribution | C13: Prizes & Gifts | D13: 46260 | E13: Main Hall | F13: 100 | G13: 2000 | H13: Not Started | I13: 0 | J13: Not Spent | K13: 2000 | L13: 0 | M13: 0 | N13: High | O13: Event Committee | P13: 0

Sheet Budget
A1: Category | B1: EstimatedBudget | C1: Status
A2: Food & Sadya | B2: 45000 | C2: Planned
A3: Decoration | B3: 20000 | C3: Planned
A4: Cultural Programs | B4: 25000 | C4: Planned
A5: Games & Sports | B5: 15000 | C5: Planned
A6: Prizes & Gifts | B6: 10000 | C6: Planned
A7: Others | B7: 10000 | C7: Planned

Sheet Participants
A1: ParticipantID | B1: Name | C1: Department | D1: Age | E1: Gender | F1: EventPreference
A2: 1001 | B2: Aarav | C2: Data Analytics | D2: 24 | E2: Male | F2: Pookalam
A3: 1002 | B3: Ananya | C3: Data Analytics | D3: 27 | E3: Female | F3: Thiruvathira
A4: 1003 | B4: Rahul | C4: Python | D4: 25 | E4: Male | F4: Onam Games
A5: 1004 | B5: Meera | C5: Power BI | D5: 29 | E5: Female | F5: Cultural Program
A6: 1005 | B6: Arjun | C6: SQL | D6: 26 | E6: Male | F6: Onam Games
A7: 1006 | B7: Diya | C7: Excel | D7: 23 | E7: Female | F7: Pookalam
A8: 1007 | B8: Vishnu | C8: Data Analytics | D8: 31 | E8: Male | F8: Sadya
A9: 1008 | B9: Anjali | C9: Power BI | D9: 28 | E9: Female | F9: Thiruvathira
A10: 1009 | B10: Nikhil | C10: SQL | D10: 30 | E10: Male | F10: Quiz Competition
A11: 1010 | B11: Devika | C11: Python | D11: 26 | E11: Female | F11: Cultural Program
A12: 1011 | B12: Kiran | C12: Excel | D12: 24 | E12: Male | F12: Traditional Dress Contest
A13: 1012 | B13: Athira | C13: Data Analytics | D13: 27 | E13: Female | F13: Best Pookalam Contest
... A16: 1015 | B16: Manu | C16: Python | D16: 29 | E16: Male | F16: Music Program

Sheet Locations
A1: Location | B1: NumberOfActivities
A2: Main Hall | B2: 4
A3: Auditorium | B3: 2
A4: Ground | B4: 2
A5: Dining Hall | B5: 1
A6: Open Stage | B6: 1
A7: Classroom Block | B7: 1
A8: Other Venues | B8: 1

Sheet Calendar
A1: Date | B1: Day | C1: DayName | D1: Week | E1: Month | F1: MonthNumber | G1: IsOnamWeek
A2: 46235 | B2: 1 | C2: Saturday | D2: 31 | E2: August | F2: 8 | G2: FALSE
A3: 46236 | B3: 2 | C3: Sunday | D3: 31 | E3: August | F3: 8 | G3: FALSE
A4: 46237 | B4: 3 | C4: Monday | D4: 32 | E4: August | F4: 8 | G4: FALSE
A5: 46238 | B5: 4 | C5: Tuesday | D5: 32 | E5: August | F5: 8 | G5: FALSE
A6: 46239 | B6: 5 | C6: Wednesday | D6: 32 | E6: August | F6: 8 | G6: FALSE
A7: 46240 | B7: 6 | C7: Thursday | D7: 32 | E7: August | F7: 8 | G7: FALSE
A8: 46241 | B8: 7 | C8: Friday | D8: 32 | E8: August | F8: 8 | G8: FALSE
A9: 46242 | B9: 8 | C9: Saturday | D9: 32 | E9: August | F9: 8 | G9: FALSE
A10: 46243 | B10: 9 | C10: Sunday | D10: 32 | E10: August | F10: 8 | G10: FALSE
A11: 46244 | B11: 10 | C11: Monday | D11: 33 | E11: August | F11: 8 | G11: FALSE
A12: 46245 | B12: 11 | C12: Tuesday | D12: 33 | E12: August | F12: 8 | G12: FALSE
A13: 46246 | B13: 12 | C13: Wednesday | D13: 33 | E13: August | F13: 8 | G13: FALSE
... A32: 46265 | B32: 31 | C32: Monday | D32: 36 | E32: August | F32: 8 | G32: FALSE

Sheet Budget Tracker
A1: Category | B1: Estimated Budget | C1: Actual Spent | D1: Variance | E1: Utilization % | F1: Budget Status
A2: Cultural | B2: =SUMIF(Activities!C:C,A2,Activities!G:G) | C2: =SUMIF(Activities!C:C,A2,Activities!I:I) | D2: =B2-C2 | E2: =IFERROR(C2/B2,0) | F2: =IF(C2=0,"Not Spent",IF(C2>B2,"Over Budget",IF(C2/B2>=0.8,"Near Budget","Within Budget")))
A3: Decoration | B3: =SUMIF(Activities!C:C,A3,Activities!G:G) | C3: =SUMIF(Activities!C:C,A3,Activities!I:I) | D3: =B3-C3 | E3: =IFERROR(C3/B3,0) | F3: =IF(C3=0,"Not Spent",IF(C3>B3,"Over Budget",IF(C3/B3>=0.8,"Near Budget","Within Budget")))
A4: Entertainment | B4: =SUMIF(Activities!C:C,A4,Activities!G:G) | C4: =SUMIF(Activities!C:C,A4,Activities!I:I) | D4: =B4-C4 | E4: =IFERROR(C4/B4,0) | F4: =IF(C4=0,"Not Spent",IF(C4>B4,"Over Budget",IF(C4/B4>=0.8,"Near Budget","Within Budget")))
A5: Food & Sadya | B5: =SUMIF(Activities!C:C,A5,Activities!G:G) | C5: =SUMIF(Activities!C:C,A5,Activities!I:I) | D5: =B5-C5 | E5: =IFERROR(C5/B5,0) | F5: =IF(C5=0,"Not Spent",IF(C5>B5,"Over Budget",IF(C5/B5>=0.8,"Near Budget","Within Budget")))
A6: Games & Sports | B6: =SUMIF(Activities!C:C,A6,Activities!G:G) | C6: =SUMIF(Activities!C:C,A6,Activities!I:I) | D6: =B6-C6 | E6: =IFERROR(C6/B6,0) | F6: =IF(C6=0,"Not Spent",IF(C6>B6,"Over Budget",IF(C6/B6>=0.8,"Near Budget","Within Budget")))
A7: Prizes & Gifts | B7: =SUMIF(Activities!C:C,A7,Activities!G:G) | C7: =SUMIF(Activities!C:C,A7,Activities!I:I) | D7: =B7-C7 | E7: =IFERROR(C7/B7,0) | F7: =IF(C7=0,"Not Spent",IF(C7>B7,"Over Budget",IF(C7/B7>=0.8,"Near Budget","Within Budget")))
